{"cameraMode":{"drawMode":0,"name":"Shaded","section":"Shading Mode"},"sceneLighting":true,"audioPlay":false,"sceneViewState":{"m_AlwaysRefresh":false,"showFog":true,"showSkybox":true,"showFlares":true,"showImageEffects":true,"showParticleSystems":true,"showVisualEffectGraphs":true,"m_FxEnabled":true},"in2DMode":false,"pivot":{"x":701.5772705078125,"y":349.4653015136719,"z":-526.1241455078125},"rotation":{"x":0.043735992163419726,"y":-0.05330013856291771,"z":0.002342838328331709,"w":0.9976770877838135},"size":12.12435531616211,"orthographic":false}